Термин (кратко),Термин (пространно),Описание,Примечания,Задачи
АГС,АГС,"АГС — «автоматический гранатомет станковый», позволяющий запускать по противнику очередями гранаты калибра 30 мм. Особенно эффективен при корректировке с беспилотника. Обе стороны используют советскую модель АГС-17, в ВС РФ также применяется модернизированный АГС-30, а в ВСУ — американский аналог Mk 19.",,
Артиллерийский выстрел,Артиллерийский выстрел,"Артиллерийский выстрел — правильное название артиллерийских боеприпасов, обычно именуемых снарядами. Состоит чаще всего из собственно снаряда, порохового заряда, который сообщает снаряду начальную скорость, и гильзы, удерживающей эти два элемента вместе.",,
АТО,АТО,"АТО — «антитеррористическая операция». Официальное название и правовой статус украинской военной операции на востоке страны, объявленной в апреле 2014 года. В 2018 году переформатирована в Операцию Объединенных сил (ООС).",,
Баба-яга,«Баба-яга»,"«Баба-яга» — наименование, данное российскими военными тяжелым сельскохозяйственным дронам, которые украинские войска используют для сброса крупных боеприпасов, например, противотанковых гранат ПГ-7 или мин ТМ-62.",,
БАПОР,БАПОР,"БАПОР — Ближневосточное агентство ООН для помощи палестинским беженцам и организации работ (The United Nations Relief and Works Agency for Palestine Refugees in the Near East, UNRWA; англ.). Организация, занятая помощью исключительно палестинским беженцам, одна из самых в крупных в системе ООН с точки зрения объема бюджета и численности персонала.",,
ББМ,ББМ,ББМ — боевая бронированная машина.,,Расширить до более содержательного описания
БДК,БДК,"БДК — большой десантный корабль. Предназначен для перевозки и десантирования тяжелой наземной техники, личного состава, а также других грузов.",,
Беларускі Гаюн,«Беларускі Гаюн»,"«Беларускі Гаюн» — мониторинговый проект, отслеживающий деятельность белорусских и российских военных на территории Беларуси на основании сообщений от местных жителей и открытых источников.",,Обновить при случае; больше не работает 
Блицкриг,«Блицкриг» ,"«Блицкриг» — концепция «молниеносной войны» (Blitzkrieg, нем.), исторически связанная со стратегией действий Вермахта, направленной на достижение победы над противником в максимально короткие сроки.",,
БМД,БМД,"БМД — боевая машина десанта. Класс гусеничных бронированных машин советского и позднее российского производства, выполняющий роль боевой машины пехоты для подразделений ВДВ. Основная особенность БМД заключается в способности десантирования с самолетов, что отрицательно сказывается на уровне защищенности и надежности. По аналогии с советской номенклатурой БМП, модельный ряд БМД маркируется порядковыми номерами: БМД-1, БМД-2, БМД-3, БМД-4.",,
БМП,БМП,"БМП — боевая машина пехоты. Бронированная гусеничная или колесная боевая машина, предназначенная для безопасной транспортировки личного состава к переднему краю боевых действий, его огневой поддержки и ведения боя в составе механизированных подразделений. Обладает умеренной защищенностью и в основном вооружается пулеметными и пушечными системами. В советской и российской школе военного машиностроения служит и наименованием конкретных машин при добавлении порядкового номера модели: БМП-1, БМП-2, БМП-3.",,
БМПТ,БМПТ,"БМПТ — боевая машина поддержки танков. Концептуально бронированная машина, разработанная для защиты танков и других боевых единиц на поле боя. В контексте серийного производства и боевого применения состоит на вооружении в ВС РФ под наименованием БМПТ «Терминатор». Эта машина создана на шасси танка Т-72 и оснащена ракетно-пушечным вооружением, включая две автоматические пушки 30 мм, противотанковые ракеты, гранатометы и пулемет.",,
БПЛА,БПЛА,БПЛА — беспилотный летательный аппарат. Используется как зонтичный термин для различных категорий беспилотных авиационных систем — от небольших аппаратов коптерного типа и FPV-дронов до крупных разведывательных и ударных беспилотников типа Bayraktar TB2 и барражирующих боеприпасов типа «Шахед».,,
БР,БР / «бээрка»,"БР / «бээрка» — боевое распоряжение, документ, доводящий до личного состава постановку боевой задачи.",,
БРДМ,БРДМ,"БРДМ — боевая разведывательно-дозорная машина. Концептуально бронированная колесная машина, предназначенная для разведки и патрулирования. БРДМ представляет образец советской школы военного машиностроения 1960-х годов, обладает слабым противопульным и противоосколочным бронированием, но отличается высокой мобильностью и проходимостью, включая возможность преодоления водных преград. Существует в двух моделях: БРДМ-1 и БРДМ-2.",,
БРПД,БРПД,"БРПД — баллистическая ракета промежуточной дальности (intermediate-range ballistic missile, IRBM; англ.) с дальностью 3500-5500 км. Используется в западной системе классификации ракет как промежуточное звено между ракетами средней (от 1000 до 3500 км) и межконтинентальной (свыше 5500 км) дальности. В российской системе соответствующая категория отсутствует, поскольку все ракеты дальностью от 1000 до 5500 км считаются ракетами средней дальности. Иногда для их описания на русском языке используется термин ракета большой дальности.",,
БРПЛ,БРПЛ,БРПЛ — баллистическая ракета подводных лодок.,,
БРЭМ,БРЭМ,"БРЭМ — бронированная ремонтно-эвакуационная машина. Используется для буксировки поврежденной техники и полевого ремонта (например, замены двигателя или других крупных агрегатов), для чего оснащается краном, лебедкой и другими механизмами.",,
БРЭО,БРЭО,"БРЭО — бортовое радиоэлектронное оборудование, в случае с боевыми самолетами имеется в виду комплекс технических средств, позволяющих находить цели и вести дальний воздушный бой.",,
БТГ,БТГ,"БТГ — батальонная тактическая группа, основная организационная единица ВС РФ на начальном этапе вторжения в Украину численностью 700-900 человек. На текущем этапе войны российское командование отказалось от развертывания сил и средств в виде БТГ.",,
БТР,БТР,"БТР — бронетранспортер. Колесная или гусеничная бронированная машина, предназначенная в основном для транспортировки личного состава, вооружения и материальных средств. БТР обеспечивает защиту десанта от огня стрелкового оружия и осколков, но имеет ограниченную огневую мощь. В отличие от БМП, основная задача БТР сводится к транспортировке личного состава, а не участию в боевых действиях.",,
Бундесвер,Бундесвер,"Бундесвер — Вооруженные силы Германии (Bundeswehr, нем.).
",,Расширить до более содержательного описания
Буханка,«Буханка»,"«Буханка» — автомобиль производства Ульяновского автозавода (УАЗ СГР), выпускается с 1965 года с минимальными изменениями конструкции. По ходу войны против Украины стал наиболее востребованным транспортным средством в ВС РФ.",,
БЭК,БЭК,"БЭК — безэкипажный катер, обычно полупогруженного типа. Часто фигурирует в СМИ как морской дрон или морской беспилотник. Относится к категории автономных необитаемых надводных аппаратов (Unmanned Surface Vessel, USV; англ.), то есть способен передвигаться по воде при помощи дистанционного управления или по заложенному в бортовую навигационную систему маршруту. Может нести боевую часть в корпусе, а также выступать в качестве платформы-носителя воздушных беспилотников, зенитных ракет, систем РЭБ. ",,
ВВСТ,ВВСТ,"ВВСТ — вооружения, военная и специальная техника.",,Расширить до более содержательного описания
Взятие в кредит,«Взятие в кредит»,«Взятие в кредит» — в Z-среде означает доклад или сообщение о захвате того или иного населенного пункта или позиции до установления фактического контроля над ними. Последующие штурмовые действия для «приведения обстановки в соответствие с докладами» часто сопровождаются крупными потерями.,,
ВКС РФ,ВКС РФ,ВКС РФ — Воздушно-космические силы Российской Федерации. Сформированы в 2015 году в результате объединения Военно-воздушных сил (ВВС) и Войск воздушно-космической обороны (ВВКО).,,
Внутренние линии,Преимущество «внутренних линий»,"Преимущество «внутренних линий» — в ситуации, когда линия фронта представляет собой огромное полукольцо, сторона, защищающая внутреннюю его часть, имеет возможность гораздо быстрее перебрасывать силы с одного участка на другой по прямой, чем сторона, силы которой находятся на внешней части полукольца и вынуждены делать значительный крюк, чтобы добраться до одной из его оконечностей.",,
Восток,Батальон «Восток»,Батальон «Восток» — созданное в мае 2014 года военное формирование сепаратистской «ДНР» на базе движения «Патриотические силы Донбасса» Александра Ходаковского. Ныне 114-я отдельная мотострелковая бригада ВС РФ.,,
Времевский выступ,Времевский выступ,Времевский выступ — условное название операционного района к югу от Великой Новосёлки в Донецкой области. В ходе контрнаступления ВСУ летом 2023 года был занят украинскими войсками. К январю 2025 года ВС РФ вернули территорию выступа под полный контроль.,,
ГБР,ГБР,"ГБР — Государственное бюро расследований (Державне бюро розслідувань, укр.), украинский правоохранительный орган, занимающийся расследованием уголовных преступлений, совершенных чиновниками, депутатами и силовиками.",,
Геолокация,Геолокация,"Геолокация — способ определения места съемки фото или видео по отличительным признакам, которые можно сопоставить, например, со спутниковыми снимками или панорамами Google или «Яндекс».",Не используем в сводках по просьбе нач-ва,
Гиркин,"Гиркин, Игорь","Игорь Гиркин — известен как Игорь Стрелков (Рунов). Один из полевых командиров сепаратистов на Донбассе в 2014 году, а ныне известный Z-блогер. До весны 2013 года служил в Управлении защиты конституционного строя Второй службы ФСБ, затем уволился и перешел в структуры бизнесмена Константина Малофеева. Приговорен нидерландским судом к пожизненному заключению за участие в сбитии пассажирского «Боинга» над Донбассом в 2014 году. В январе 2024 года приговорен Мосгорсудом к четырем годам колонии по делу о публичных призывах к экстремизму.",,
ГРАУ,ГРАУ,"ГРАУ — Главное ракетно-артиллерийское управление Минобороны РФ, орган военного управления, ответственный за поставки, хранение и обслуживание ракетных и артиллерийских систем вооружения и боеприпасов к ним.",,
Группа закрепления,Группа закрепления,"Группа закрепления — отряд, задача которого закрепиться на позиции после ее зачистки штурмовой группой и отражать возможные контратаки.",,
ГСМ,ГСМ,ГСМ — горюче-смазочные материалы.,,
ГСЧС,ГСЧС,"ГСЧС — Государственная служба по чрезвычайным ситуациям (Державна служба України з надзвичайних ситуацій, укр.) Украины.",,
ГУР,ГУР,"ГУР — Главное управление разведки Министерства обороны Украины (Головне управління розвідки Міністерства оборони України, укр.). Украинская военная разведка.",,Расширить до более содержательного описания
Датская модель,«Датская модель»,"«Датская модель» — схема оказания военной помощи Украине, которая заключается в том, что иностранные партнеры оплачивают изготовление украинскими оборонными предприятиями вооружений, военной и специальной техники для Сил обороны Украины.",,
Двухсотые / груз 200,Двухсотые / груз 200,Двухсотые / груз 200 — на армейском жаргоне означает погибших в ходе боевых действий.,,
Динамическая защита,Динамическая защита,"Динамическая защита — блоки со взрывчаткой, устанавливаемые на бронетехнику. При попадании боеприпаса происходит встречный взрыв, что снижает его пробивную способность.",,
Добропольский выступ,Добропольский выступ,"Добропольский выступ — выступ, образовавшийся после попытки российского прорыва к Доброполью на покровском направлении в августе 2025 года.",,
ДРГ,ДРГ,"ДРГ — диверсионно-разведывательная группа; обычно так называют любое формирование, пересекающее линию фронта и действующее в тылу противника.",,
ДРЛОиУ,ДРЛОиУ,"ДРЛОиУ — дальнее радиолокационное обнаружение и управление, в качестве взаимозаменяемой иногда используется аббревиатура РЛДН — радиолокационный дозор и наведение.",,Расширить до более содержательного описания
ДШВ,ДШВ,"ДШВ — десантно-штурмовые войска (десантно-штурмові війська, укр.), отдельный род войск в составе ВСУ.",,
ДШРГ «Русич» ,ДШРГ «Русич» ,"ДШРГ «Русич» — диверсионно-штурмовая разведывательная группа, объединяющая российских ультраправых активистов. Принимает участие в войне против Украины с 2014 года. Внесена в санкционные списки США и ЕС. Действующий командир — Алексей Мильчаков.",,Расширить до более содержательного описания
«Ёжик» / «одуванчик»,«Ёжик» / «одуванчик»,"«Ёжик» / «одуванчик» — конструкция из расплетенных тросов, наваренная на военную или гражданскую технику с целью обеспечения дополнительной защиты от дронов противника.",,
ЖБУ,ЖБУ,"ЖБУ — железобетонное укрытие, стационарное сооружение арочного типа, предназначено для защиты авиационной техники от ударов огневыми средствами поражения в местах базирования на аэродромах.",,
Ждуны,Дроны-«ждуны»,"Дроны-«ждуны» — на военном жаргоне означает дроны-камикадзе, которые садятся на специальные ножки в засады на логистических маршрутах противника, а при появлении вражеской техники приводятся в действие и атакуют цель.",,
Железные мечи,«Железные мечи»,"«Железные мечи» — официальное название военной операции Израиля в секторе Газа, начата 7 октября 2023 года.",,Обновить при случае; операцию переименовали
Забаранить,«Забаранить»,"«Забаранить» — «баран» на военном жаргоне означает труп противника, соответственно, образованный от этого слова глагол описывает насильственную смерть.",,
Закрас,«Закрас» ,"«Закрас» — так на российском военном жаргоне называют цветовое обозначение контроля территории на картах, которые в дальнейшем используются при планировании операций и штабной отчетности. «Закрасы» часто делаются «в кредит», выступая составной частью проблемы «ложных докладов». ",,
Зрада,Зрада,"Зрада — «предательство, измена» на украинском языке. В современном украинском политическом сленге означает либо плохие новости, чаще всего связанных с действиями властей, либо стремление выпячивать подобные новости или высасывать их из пальца (такое поведение также называют «зрадофильство» или «зрадо*бство»).",,
ЗРК,ЗРК,ЗРК — зенитный ракетный комплекс.,,Расширить до более содержательного описания
ЗРПК,ЗРПК,ЗРПК — зенитный ракетно-пушечный комплекс.,,Расширить до более содержательного описания
ЗСУ,ЗСУ,"ЗСУ — не только аббревиатура «ВСУ» на украинском (Збройні сили України, укр.), но еще и зенитная самоходная установка.",,
ЗУ,ЗУ,"ЗУ — зенитная установка. Чаще всего представляет собой одно или несколько скорострельных артиллерийских орудий, применяемых для стрельбы по воздушным (а нередко — и по наземным) целям.",,
Зубы дракона,«Зубы дракона»,"«Зубы дракона» — бетонные надолбы пирамидальной формы, выполняющие роль противотанкового инженерного заграждения. В ходе российско-украинской войны широко используются при сооружении линий обороны.",,
ЗУР,ЗУР,ЗУР — зенитная управляемая ракета.,,
ИМР,ИМР,ИМР — инженерная машина разграждения.,,Расширить до более содержательного описания
ИПСО / ЦИПСО,ИПСО / ЦИПСО,"ИПСО / ЦИПСО — так в соцсетях называют любую информацию, которая считается «вброшенной» противником. Название пошло от украинского 72-го центра информационно-психологических операций (72-й центр інформаційно-психологічних операцій, 72-й ЦІПСО; укр.), на котором, по утверждениям прокремлевских авторов, лежит большинство задач по дезинформации российской стороны.",,
Искандер,ОТРК «Искандер»,"ОТРК «Искандер» — российский ракетный комплекс, способный запускать крылатые и баллистические ракеты. С февраля 2022 года российские войска регулярно наносят удары из ОТРК «Искандер» по украинским гражданским и военным объектам.",,Расширить до более содержательного описания
ИФС,ИФС,ИФС — инженерно-фортификационные сооружения.,,Расширить до более содержательного описания
КАБ,КАБ,"КАБ — корректируемая авиабомба. В российских арсеналах имеются изделия с буквенным кодом «КАБ», однако в Украине так называют и обычные российские авиабомбы, снабженные модулем планирования и коррекции (УМПК), а также корректируемые авиабомбы западного производства, применяемые ВСУ.",,
КАЗ,КАЗ,"КАЗ — комплекс активной защиты, система вооружения, устанавливаемая на бронетехнику и позволяющая сбивать на подлете боеприпасы противника, например, ракеты противотанковых комплексов. Хотя многие страны уже имеют на вооружении КАЗ или активно их разрабатывают, машины с такими комплексами масштабно не применялись до начала израильской операции против движения ХАМАС и союзных ему палестинских военно-политических организаций в Секторе Газа в 2023 году.",,
Каннибализация,«Каннибализация»,"«Каннибализация» — в военном деле означает разукомплектование военной техники с целью «добычи» запасных частей, узлов и агрегатов для ремонта и поддержания боеспособности других единиц техники того же типа.",,
Карман,«Карман»,"«Карман» — жаргонное обозначение участка местности, окруженного противником с трех сторон. Считается тактически невыгодной позицией, поскольку подразделения, обороняющиеся в «кармане», часто испытывают проблемы со снабжением и находятся под угрозой полного окружения.",,
Кассетные боеприпасы,Кассетные боеприпасы,"Кассетные боеприпасы — боеприпасы, которые на подлете к цели раскрываются, разбрасывая небольшие суббоеприпасы, а те в свою очередь взрываются, поражая большую площадь. Из-за своего неизбирательного характера и опасности неразорвавшихся суббоеприпасов для мирных жителей они запрещены в большинстве стран мира, за исключением, в частности, России, Украины и США.",,
КВН,КВН,"КВН — «Князь Вандал Новгородский», российский FPV-дрон, управляемый по оптоволоконному кабелю, разработанный в НПЦ «Ушкуйник» (гендиректор — бывший политтехнолог и функционер партии «Единая Россия» Алексей Чадаев). Широко применяется российскими военными с момента вторжения ВСУ в Курскую область в августе 2024 года.",,
Киллзона,«Киллзона»,"«Киллзона» — (kill zone, англ.) в терминологии российско-украинской войны — участок прифронтовой территории, где осуществляется огневое поражение любой техники и личного состава противника, что крайне затрудняет логистику, эвакуацию и наступательные действия.",,
Киллчейн,«Киллчейн»,"«Киллчейн» — (kill chain, англ.) — цепочка передачи команд и информации в структуре вооруженных сил, позволяющая находить, распознавать и поражать вражеские цели и основанная на определенном сочетании управленческих и технологических решений. В российской традиции часто именуется «разведывательно-ударным контуром» (РУК).",,
Кинжал,«Кинжал» ,"«Кинжал» — российская аэробаллистическая ракета, адаптация ракеты комплекса «Искандер» для запуска с самолета-носителя (чаще всего МиГ-31К). В различных источниках ракету часто обозначают Х-47М2, на самом деле такого индекса в системе обозначений техники ВС РФ не существует. Позиционируется российской пропагандой как гиперзвуковая, однако не соответствует современным критериям для такого оружия. Тем не менее, представляет собой крайне трудную цель для ПВО.",,
КНА,КНА,"КНА — Корейская народная армия, официальное название Вооруженных сил Корейской Народно-Демократической Республики (КНДР).",,Расширить до более содержательного описания
Коалиции возможностей,Коалиции возможностей,"Коалиции возможностей — структуры, координирующие поставки Украине отдельных видов вооружений или обеспечения, например, артиллерии, танков, авиации, дронов или IT-оборудования и программного обеспечения.",,Расширить до более содержательного описания
Коалиция желающих,Коалиция желающих,"Коалиция желающих — (Coalition of the willing, англ.), группа европейских государств, собирающихся обеспечить послевоенные гарантии безопасности Украины, в том числе посредством размещения своих военных на ее территории.",,
Контрбатарейная борьба,Контрбатарейная борьба,"Контрбатарейная борьба — мероприятия по подавлению и уничтожению артиллерии противника с помощью собственной артиллерии, барражирующих боеприпасов и других средств поражения.",,Расширить до более содержательного описания
Корпус,Корпус,"Корпус — войсковое объединение из нескольких бригад или дивизий, промежуточное звено между дивизией и армией.",,Расширить до более содержательного описания
КОФЗБЧ,КОФЗБЧ,КОФЗБЧ — кумулятивно-осколочно-фугасно-зажигательная боевая часть.,,
КСИР,КСИР,"КСИР — Корпус стражей исламской революции, государственный военно-политический институт в Иране, сочетающий функции вооруженных сил, органов госбезопасности и независимой хозяйственной единицы. Обеспечивает и координирует зарубежные военные операции Ирана, в ряде стран, в том числе в США, признан террористической организацией.",,
Кульминация,Кульминация,"Кульминация — в терминологии военного теоретика Карла фон Клаузевица так называется момент, когда та или иная сторона утрачивает способность продолжать операции.",,
Кумулятивный боеприпас,Кумулятивный боеприпас,"Кумулятивный боеприпас — тип боеприпаса особой формы, при подрыве которого создается направленная струя продуктов взрыва, способная пробивать достаточно толстую броню.",,
Ланцет,«Ланцет»,"«Ланцет» — российский барражирующий боеприпас, используемый для поражения военной техники на расстоянии до десятков километров от линии фронта.",,Расширить до более содержательного описания
Лаос,Лаос,"Лаос — мем Z-каналов, говорящих о проблемах российской армии с уточнением, что все описанное происходит в армии Лаоса, поскольку критиковать ВС РФ не принято и даже чревато уголовным преследованием.",,
ЛБС,ЛБС,ЛБС — линия боевого соприкосновения.,,Расширить до более содержательного описания
Ли,"Ли, Роб","Роб Ли — старший научный сотрудник Евразийской программы Исследовательского института внешней политики в Филадельфии (Foreign Policy Research Institute, FPRI), один из наиболее цитируемых экспертов по российско-украинской войне.",,
Лисья нора,«Лисья нора» ,"«Лисья нора» — небольшое укрытие, выкопанное в земле, чаще всего индивидуальное.",,
Локационно потеряны,«Локационно потеряны»,"«Локационно потеряны» — формулировка, используемая в отчетах Воздушных сил ВСУ в отношении российских беспилотников дальнего действия, которые либо были нейтрализованы с помощью систем радиоэлектронной борьбы, либо оказались дронами-ложными целями, не несущими боевой части и упавшими, не причинив вреда.",,
ЛСР,Легион «Свобода России»,"Легион «Свобода России» — воинское подразделение, сформированное из российских военных, перешедших на сторону Украины. Считается, что ЛСР выполняет скорее медийно-пропагандистские, нежели военные функции, и связан с бывшим депутатом Госдумы РФ Ильей Пономаревым.",,
МАГАТЭ,МАГАТЭ,МАГАТЭ — Международное агентство по атомной энергии.,,Расширить до более содержательного описания
Магнитная мина,Магнитная мина,"Магнитная мина — тип мины, который приводится в действие изменением магнитного поля, вызванным движением металлического объекта большой массы (например, бронированной или автомобильной техники).",,
Мангал / козырек,«Мангал» / «козырек»,"«Мангал» / «козырек» — решетчатая конструкция, устанавливаемая на бронетехнику и другие объекты. Первоначально российские военные надеялись, что она спасет танки от ПТРК Javelin, однако позднее обе стороны стали применять их для защиты от сбросов боеприпасов с беспилотников и от дронов-камикадзе.",,
Машинное зрение,Машинное зрение,"Машинное зрение — применительно к российско-украинской войне чаще всего означает технологию, позволяющую бортовому компьютеру БПЛА распознавать цели самостоятельно или с помощью оператора и автоматически направлять дрон на цель без участия человека. Эту технологию также называют «донаведение» и «автозахват цели».",,
МБР,МБР,МБР — межконтинентальная баллистическая ракета.,,
Миддлстрайк,«Миддлстрайк»,"«Миддлстрайк» — удары БПЛА и другими боеприпасами по целям в оперативном тылу (по оценке аналитика Майкла Кофмана — от 30 до 300 км от линии фронта; middle strike, англ.), например, по командным пунктам, логистическим хабам, складам боеприпасов и позициям ПВО.",,
Мобильные группы ПВО,Мобильные группы ПВО,"Мобильные группы ПВО — подразделения, вооруженные артиллерийскими и пулеметными установками, смонтированными на автомобилях, предназначенные для оперативного выезда на маршруты следования беспилотников противника с целью их перехвата.",,
Моторизованные части,Моторизованные части,"Моторизованные части — части, где полностью или практически отсутствуют бронированные машины, а основу техники составляет небронированный или легкобронированный автотранспорт. Не следует путать с мотострелковыми частями, которые оснащаются (по крайней мере на бумаге) танками, БМП, БТР и САУ.",,
МСП,МСП,МСП — мотострелковый полк.,,Расширить до более содержательного описания
МТ-ЛБ,МТ-ЛБ,"МТ-ЛБ — советский многоцелевой легкобронированный тягач, отличающийся высокой проходимостью. Модернизированная версия обозначается как МТ-ЛБу. Применяется обеими сторонами в российско-украинской войне для перевозки грузов и личного состава, буксировки артиллерии, а также в качестве базы для кустарной и полукустарной установки самых разных систем вооружений от корабельных зенитных пулеметов до 100-мм орудий.",,
Мурз,"Морозов, Андрей «Мурз»","Андрей «Мурз» Морозов — провоенный блогер и военнослужащий 4-й мотострелковой бригады ВС РФ. Получил известность как «патриотический» активист и ЖЖ-блогер в середине нулевых. В 2014 году (со второго раза) вступил в «ополчение Донбасса». Был известен пессимистичными оценками хода т.н. «СВО». Покончил жизнь самоубийством в феврале 2024 года из-за травли, развернутой против него официальными пропагандистами.",,
Мясные штурмы,«Мясные штурмы» ,"«Мясные штурмы» — практика отправки пехоты на штурм позиций противника без должной подготовки и поддержки артиллерии, дронов и бронетехники, что зачастую приводит к большим потерям среди наступающих.",,
НАР,НАР,НАР — неуправляемая авиационная ракета.,,Расширить до более содержательного описания
Николаевский Ванёк,«Николаевский Ванёк»,"«Николаевский Ванёк» — украинский Telegram-канал, связанный с ВСУ, который регулярно сообщает инсайдерскую информацию о событиях на фронте.",,
Ноль / нуль,Ноль / нуль,"Ноль / нуль — на жаргоне передний край собственных позиций, за которым начинается нейтральная полоса, а за ней — территория, подконтрольная противнику.",,
НРК (НРТК),НРК (НРТК),"НРК (НРТК) — наземный роботизированный (робототехнический) комплекс, другое название наземного дрона. НРК активно применяются на фронте как в логистических и эвакуационных целях, так и в качестве дронов-камикадзе и носителей различных вооружений (в том числе БПЛА).",,
Обнуление,«Обнуление»,«Обнуление» — жаргонное название внесудебной казни военнослужащего.,,
ОБрМП,ОБрМП,ОБрМП — отдельная бригада морской пехоты.,,Расширить до более содержательного описания
ОБрУБАС,ОБрУБАС,"ОБрУБАС — отдельная бригада ударных беспилотных авиационных систем, соединение в составе Сил беспилотных систем ВСУ. Первая ОБрУБАС была сформирована в декабре 2024 года на базе 414-го отдельного полка ударных беспилотных систем «Птахи Мадяра».",,
ОБСпН,ОБСпН,ОБСпН — отдельный батальон специального назначения.,,Расширить до более содержательного описания
ОБТФ «Каскад» ,«Каскад» ,"ОБТФ «Каскад» — оперативно-боевое тактическое формирование «ДНР», созданное в 2017 году. Командир — министр внутренних дел «ДНР» Алексей Дикий.",,
Общевойсковой бой,Общевойсковой бой,"Общевойсковой бой — тактика ведения боя на основе комплексного взаимодействия всех сил, средств и видов войск (танков, пехоты, артиллерии, авиации, БПЛА и т.п.), которые обеспечивают взаимную поддержку друг друга и/или совместно поражают противника.",,
ОВА,ОВА,"ОВА — областная военная администрация, высший орган государственной власти в том или ином регионе Украины в период военного положения.",,Расширить до более содержательного описания
ОГВС,ОГВС,"ОГВС — Объединенная группировка войск (сил) в Украине, объединение, в состав которого входят все российские силы, ведущие войну против Украины и прикрывающие российско-украинскую границу. Подразделяется на группировки войск «Запад», «Север», «Центр», «Юг», «Восток», «Днепр», отвечающие за отдельные участки фронта. Штаб ОГВС расположен в Ростове-на-Дону, командующий — начальник Генштаба ВС РФ Валерий Герасимов.",,
Огневой контроль,Огневой контроль,"Огневой контроль — ситуация, когда силы той или иной стороны не присутствуют непосредственно на участке местности, однако он достаточно хорошо простреливается артиллерией и другими средствами поражения, чтобы противник не мог там перемещаться или закрепиться.",,
ОДШБр,ОДШБр,ОДШБр — отдельная десантно-штурмовая бригада.,,Расширить до более содержательного описания
ОМБр,ОМБр,"ОМБр — отдельная механизированная бригада (окрема механізована бригада, укр.), основное соединение Сухопутных войск ВСУ. Имеет на вооружении боевые машины пехоты или бронетранспортеры, а также танки и другую технику. Примерный аналог российской мотострелковой бригады (ОМСБр).",,
ОМПБр,ОМПБр,ОМПБр — отдельная мотопехотная бригада.,,Расширить до более содержательного описания
ОМСБр,ОМСБр,"ОМСБр — отдельная мотострелковая бригада, одно из самых распространенных соединений Сухопутных войск РФ. Имеет на вооружении боевые машины пехоты или бронетранспортеры, а также танки и другую технику. Примерный аналог украинской механизированной бригады (ОМБр).",,
Оперативное командование,Оперативное командование,"Оперативное командование — украинский аналог российских военных округов, структура, которой подчиняются воинские подразделения на определенной части территории страны.",,
Оперативный простор,Оперативный простор,"Оперативный простор — военный термин, означающий свободное пространство за линией обороны противника, где практически отсутствуют укрепления или резервы, что позволяет мобильным частям наступающих после прорыва обороны стремительно продвигаться, нанося удары по флангам и тылам противника, логистическим маршрутам, командным пунктам и так далее.",,
Опорник / опорный пункт,Опорник / опорный пункт,"Опорник / опорный пункт — укрепленная позиция, предназначенная для обороны силами небольшого подразделения, чаще всего от взвода до роты.",,
ОСГВ,ОСГВ,"ОСГВ — оперативно-стратегическая группировка войск (оперативно-стратегічне угруповання військ, укр.), представляет собой объединение украинских войск, отвечающее за несколько смежных направлений.",,
Острова,«Острова»,"«Острова» — так называют прилегающую к левому берегу Днепра лесисто-болотистую местность на херсонском направлении, отделенную от «большой земли» небольшими протоками.",,
ОТГ,ОТГ,"ОТГ — оперативно-тактическая группировка (оперативно-тактичне угруповання, укр.), представляет собой объединение украинских войск, отвечающее за отдельное направление.",,
ОТМБр,ОТМБр,"ОТМБр — отдельная тяжелая механизированная бригада (окрема важка механізована бригада, укр.), вид соединения, появившийся в ВСУ в ходе полномасштабной российско-украинской войны путем переформирования танковых бригад, в которых оставили по два танковых батальона вместо трех и номинально увеличили количество механизированной пехоты. Нововведение связано в том числе с невозможностью массированного применения танков в условиях современной войны из-за обилия противотанковых средств, в частности, дронов-камикадзе. К июлю 2025 года все имевшиеся в составе ВСУ танковые бригады были переформированы в ОТМБр.",,
ОТРК,ОТРК,"ОТРК  — оперативно-тактический ракетный комплекс. Предназначен для поражения целей на сравнительно большом расстоянии, чаще всего от 100 до 500 км.",,Расширить до более содержательного описания
ОШБр,ОШБр,"ОШБр — отдельная штурмовая бригада (окрема штурмова бригада, укр.), тактическое соединение в составе сухопутных войск ВСУ.",,Расширить до более содержательного описания
ОШП,ОШП,"ОШП — отдельный штурмовой полк (окремий штурмовий полк, укр.), вид подразделения, появившийся в ВСУ в ходе полномасштабной российско-украинской войны и используемый в основном для контратак на направлениях продвижения ВС РФ.",,
ПВД,ПВД,ПВД — пункт временной дислокации.,,Расширить до более содержательного описания
ПВО,ПВО,"ПВО — противовоздушная оборона. Род войск и общепринятое название сил и средств вплоть до отдельных систем вооружений, предназначенных для прикрытия военных и иных стратегически важных объектов от средств воздушного нападения.",,Расширить до более содержательного описания
Перемога,Перемога,"Перемога — «победа» на украинском языке, ироническое обозначение хороших новостей, высосанных из пальца или преувеличенных, или же плохих новостей, которые выдаются за хорошие.",,
ПЗРК,ПЗРК,ПЗРК — переносной зенитный ракетный комплекс.,,Расширить до более содержательного описания
ПЛАРБ / РПКСН,ПЛАРБ / РПКСН,ПЛАРБ / РПКСН — подводная лодка атомная с ракетами баллистическими (ПЛАРБ) или ракетный подводный крейсер стратегического назначения (РПКСН). Один из традиционных компонентов «ядерной триады».,,Расширить до более содержательного описания
ПЛАРК,ПЛАРК,ПЛАРК — подводная лодка атомная с ракетами крылатыми.,,Расширить до более содержательного описания
ПНВ,ПНВ,ПНВ — прибор ночного видения.,,Расширить до более содержательного описания
Посадка / лесополка,«Посадка» / «лесополка» ,"«Посадка» / «лесополка» — жаргонное название лесополос, разделяющих сельскохозяйственные поля. В ходе боевых действий они превратились в опорные пункты и линии обороны, а кровопролитные бои «за следующую посадку» стали символом позиционной войны.",,
Призрак,Батальон «Призрак»,"Батальон «Призрак» — созданное в апреле 2014 года военное формирование сепаратистской «ЛНР». Ныне 14-я бригада территориальной обороны «ЛНР». Создатель батальона Алексей Мозговой в мае 2015 года был убит — по некоторым сведениям, бойцами ЧВК Вагнера с ведома российского руководства.",,
Притула,"Притула, Сергей","Сергей Притула — украинский шоумен и общественный деятель. Основатель благотворительного фонда Сергея Притулы, через который ведется сбор пожертвований и закупка вооружений и военной техники в интересах ВСУ.",,
Просачивание,«Просачивание»,«Просачивание» — в контексте российско-украинской войны так называют тактику обхода вражеских позиций малыми пехотными группами с последующим закреплением и организацией засад в тылу.,,
ПТРК,ПТРК,"ПТРК — противотанковый ракетный комплекс. Представляет собой относительно малогабаритную установку для запуска противотанковых управляемых ракет (ПТУР), чаще всего переносную или устанавливаемую на бронетехнику.",,
ПТУР,ПТУР,"ПТУР — противотанковая управляемая ракета, запускается из переносных противотанковых ракетных комплексов (ПТРК), а также некоторыми моделями танков и вертолетов.",,
Пуля в пулю,«Пуля в пулю»,«Пуля в пулю» — имеется в виду повторное поражение цели высокоточным боеприпасом после частичного разрушения в результате первого попадания.,,
Пункты несокрушимости,«Пункты несокрушимости»,"«Пункты несокрушимости» — сеть украинских объектов, где все желающие могут бесплатно согреться, воспользоваться интернетом, зарядить гаджеты и т.п. Разворачиваются по всей Украине в период обстрелов энергетической инфраструктуры, работают на постоянной основе в прифронтовых районах.",,
Пятая статья,Пятая статья,"Пятая статья — пятая статья Североатлантического договора описывает принцип коллективной обороны стран НАТО, согласно которому нападение на одного из членов альянса означает нападение на всех.",,
Пятисотые / отказники,«Пятисотые» / «отказники»,"«Пятисотые» / «отказники» — жаргонное обозначение военнослужащих, отказывающихся участвовать в боевых действиях и/или выполнять приказы командования.",,Расширить до более содержательного описания
Райан,"Райан, Мик","Мик Райан — генерал-майор австралийской армии в отставке. Сотрудник американского Центра стратегических и международных исследований (Center for Strategic and International Studies, CSIS; англ.). Один из наиболее цитируемых экспертов по российско-украинской войне.",,
Рамштайн,«Рамштайн»,"«Рамштайн» — формат координации военной помощи Украине между представителями оборонных ведомств западных партнеров и самой Украины. Получил название от американской военной базы Рамштайн в Германии, где с 2022 года проходят встречи в рамках этого формата.",,
РВСН,РВСН,"РВСН — Ракетные войска стратегического назначения, отдельный род войск ВС РФ, на вооружении которого стоят межконтинентальные баллистические ракеты наземного базирования.",,Расширить до более содержательного описания
РДК,«Русский добровольческий корпус» ,"«Русский добровольческий корпус» — воинское подразделение, позиционирующее себя в качестве «военно-политической организации» русских добровольцев, воюющих на стороне Украины. В качестве основных целей декларирует «восстановление территориальной целостности Украины в границах 1991 года» и «свержение действующего режима в РФ». Получил широкую известность после диверсионных рейдов в Брянскую и Белгородскую области весной 2023 года.",,
Реверс-инжиниринг / обратный инжиниринг ,Реверс-инжиниринг / обратный инжиниринг ,"Реверс-инжиниринг / обратный инжиниринг — процесс исследования устройства или системы для понимания его структуры, функциональности и принципов работы с целью создания копии или аналога.",,
РККА,РККА,"РККА — Рабоче-крестьянская Красная армия, название сухопутных войск РСФСР, а позже СССР в 1918-1946 годах.",,
РЛС,РЛС,"РЛС — радиолокационная станция, система, чаще всего предназначенная для обнаружения воздушных объектов. Может использоваться как в составе комплекса ПВО, в том числе для слежения за целями, так и автономно для раннего обнаружения объектов противника.",,
Рогозин,"Рогозин, Дмитрий","Дмитрий Рогозин — российский политик и общественный деятель. Постпред РФ при НАТО (2008-2011), вице-премьер по ВПК (2011-2018), гендиректор Роскосмоса (2018-2022). Ныне руководитель группы военных советников под названием «Царские волки», которая позиционируется как «добровольческая ударная бригада» и одновременно подразделение военно-технической поддержки, и «сенатор» от Запорожской области.",,
Рокада,Рокада,"Рокада — дорога, идущая параллельно линии фронта и используемая для оперативной переброски сил между участками фронта.",,
РПГ,РПГ,РПГ — ручной противотанковый гранатомет.,,
РСЗО,РСЗО,"РСЗО — реактивная система залпового огня. Представляет собой установку, запускающую реактивные снаряды (в просторечии «ракеты») один за другим, что увеличивает огневую мощь залпа.",,Расширить до более содержательного описания
РТР,РТР,"РТР — радиотехническая разведка, составная часть радиоэлектронной разведки.",,Расширить до более содержательного описания
РУБпАК,РУБпАК,"РУБпАК — рота ударных беспилотных авиационных комплексов (рота ударних безпилотних авіаційних комплексів, укр.), подразделение ударных дронов, часто встречающееся в составе бригад Сил обороны Украины.",,
Рубикон,«Рубикон»,"Испытательный центр перспективных беспилотных технологий (ИЦПБТ) «Рубикон» — подразделение Минобороны РФ, создано в августе 2024 года. Занимается разработкой и тестированием БПЛА, подготовкой операторов и инструкторов и непосредственно боевым применением воздушных и морских дронов. По экспертным оценкам, включает как минимум семь отрядов численностью 130-150 человек каждый. Начальник ИЦПБТ — полковник Сергей Будников. База подразделения находится в помещениях конгрессно-выставочного центра «Патриот» в Московской области.",,
РХБЗ,РХБЗ,"РХБЗ — радиационная, химическая и биологическая защита.",,Расширить до более содержательного описания
Рыбарь,«Рыбарь»,"«Рыбарь» — Telegram-канал, освещающий внешнеполитическую проблематику и вооруженные конфликты. Один из самых крупных и цитируемых в Z-среде источников информации о войне против Украины. Создан бывшим сотрудником пресс-службы Минобороны РФ Михаилом Звинчуком (находится под санкциями ЕС).",,
РЭБ,РЭБ,"РЭБ — радиоэлектронная борьба, одна из разновидностей военно-технической деятельности, связанная с подавлением радиоэлектронных средств и компонентов систем управления, связи и разведки противника и с защитой собственных аналогичных систем. В российско-украинской войне термин «РЭБ» все больше ассоциируется с системами, предназначенными для противодействия дронам противника.",,
РЭР,РЭР,"РЭР — радиоэлектронная разведка, подразделяется на радиоразведку, радиотехническую, радиолокационную и оптическую (оптико-электронную) разведку.",,Расширить до более содержательного описания
САУ,САУ,САУ — самоходная артиллерийская установка.,,Расширить до более содержательного описания
Сброс / скид,«Сброс» / «скид»,"«Сброс» / «скид» — на военном жаргоне имеется в виду применение боеприпаса, сбрасываемого с беспилотника (чаще всего коммерческого коптерного типа).",,
СВО,«СВО» ,"«СВО» — специальная военная операция, так в России официально называют полномасштабную войну против Украины, начатую 24 февраля 2022 года. Аббревиатура заключена в кавычки, поскольку выполняет функции эвфемизма.",,
Серая зона,«Серая зона» ,"«Серая зона» — территория, расположенная между сторонами боевых действий, но не контролируемая в полной мере никем из них.",,
СНБО,СНБО,"СНБО — Совет национальной безопасности и обороны (Рада національної безпеки і оборони, укр.), координационный орган при президенте Украины, примерный аналог Совета безопасности РФ.",,
СОУ,Силы обороны Украины,"СОУ — Силы обороны Украины (Сили оборони України, укр.), собирательный термин, означающий все украинские силовые ведомства, принимающие участие в боевых действиях. Помимо ВСУ, в них входят, в частности, Национальная гвардия, Госпогранслужба, Национальная полиция, ГУР и СБУ.",,
СПРН,СПРН,"СПРН — система предупреждения о ракетном нападении. Состоит из двух эшелонов: космического (спутниковая группировка на геостационарных и высокоэллиптических орбитах) и наземного (загоризонтные РЛС). Система должна своевременно обнаружить пуск вражеской баллистической ракеты, вычислить ее траекторию и передать данные, необходимые для принятия решений об ответном ударе.",,
ССО,ССО,"ССО — Силы специальных операций. Элитные подразделения спецназа в России, Украине, США и других странах.",,Расширить до более содержательного описания
Ставка,Ставка,"Ставка — чрезвычайный орган, осуществляющий в военное время общее руководство войсками и другими силовыми структурами. Подобные органы создавались в годы Первой и Второй мировой войны. С 2022 года в Украине такие функции исполняет Ставка Верховного главнокомандующего.",,
Стрелковые части,Стрелковые части,"Стрелковые части — в советской и постсоветской терминологии означает части, где фактически отсутствует бронетехника, бóльшая часть бойцов передвигается в пешем строю, а огневую поддержку осуществляют буксируемая артиллерия и минометы. Стрелковые части в последний раз массово использовались в годы Второй мировой войны, а затем их сменили мотострелковые и механизированные, вооруженные танками, БМП и БТР. В ходе российско-украинской войны по мере истощения запасов бронетехники по обе стороны фронта началось «возрождение» стрелковых частей вплоть до батальонов и бригад.",,
Стрельба прямой наводкой / с закрытых огневых позиций (ЗОП) ,Стрельба прямой наводкой / с закрытых огневых позиций (ЗОП) ,"Стрельба прямой наводкой / с закрытых огневых позиций (ЗОП) — два метода ведения огня из танков и артиллерии. При стрельбе прямой наводкой цель находится в прямой видимости оператора, а при стрельбе с закрытых позиций снаряды летят за горизонт и наводятся по координатам с помощью таблиц или по данным разведки, в том числе БПЛА.",,
Стрельба с кабрирования,Стрельба с кабрирования,"Стрельба с кабрирования —  пуск неуправляемых авиационных ракет с вертолета или самолета по навесной траектории, под углом 30-45 градусов, что позволяет повысить дальность полета ракет в ущерб точности, не залетая в зону ответственности фронтовой ПВО противника.",,
СЦКК,СЦКК,"СЦКК — Совместный центр контроля и координации. Изначально создавался как российско-украинский орган совместного контроля за соблюдением Минских соглашений, однако в настоящее время в нем остались только самоназначенные представители «ДНР» и «ЛНР», которые фиксируют последствия обстрелов оккупированного Донбасса.",,Обновить
ТАВКР,ТАВКР,"ТАВКР — тяжелый авианесущий крейсер, советский класс кораблей с ракетным и артиллерийских вооружением, одновременно выполнявших функции носителя палубной авиации. По формальным признакам не подпадает под требования конвенции Монтрё о статусе проливов Босфор и Дарданеллы, фактически запрещающей проход в Чёрное море «чистых» авианосцев.",,
ТВД,ТВД,"ТВД — театр военных действий, территория, воздушное пространство над ней и прилегающая акватория, где ведутся боевые действия.",,
Террикон,Террикон,"Террикон — искусственная возвышенность в виде отвала пустой породы, следствие промышленной разработки полезных ископаемых, в частности, угля. В Донецкой области насчитывается около 500 терриконов.",,
Трёхсотые / груз 300,Трёхсотые / груз 300,Трёхсотые / груз 300 — на армейском жаргоне означает получивших ранения в боевых действиях.,,
ТРК,ТРК,ТРК — тактический ракетный комплекс.,,Расширить до более содержательного описания
ТЦК,ТЦК та СП,"ТЦК та СП — территориальные центры комплектования и социальной поддержки (територіальні центри комплектування та соціальної підтримки, укр.), название украинских органов, отвечающих за воинский учет и проведение мобилизации.",,
Укрзалізниця,«Укрзалізниця» ,«Укрзалізниця» — украинское государственное предприятие-монополист в сфере железнодорожных перевозок.,,
Укупорка,Укупорка,"Укупорка — упаковка или контейнер для боеприпасов и взрывчатых веществ, предназначенная для их защиты, транспортировки и хранения.",,
УМПБ,УМПБ,"УМПБ — российский универсальный межвидовой планирующий боеприпас. УМПБ Д-30СН несет боевую часть 250-килограммовой авиабомбы на расстояние до 90 км. УМПБ-5P имеет боевую часть в 500 кг и дальность свыше 100 км за счет реактивного двигателя. В разных конфигурациях может запускаться как самолетами, так и реактивными системами залпового огня. Фактически аналог американских SDB / GLSDB.",,
УМПК,УМПК,"УМПК — универсальный модуль планирования и коррекции. Устройство, которым с 2023 года оснащаются российские неуправляемые авиабомбы, что дает им возможность лететь на большие расстояния (от 70-80 км и далее) к заданной цели. С осени 2025 года фиксируется применение модулей УМПК-Р увеличенной дальности, снаряженных реактивным двигателем. Представляет собой крылья, раскрывающиеся после сброса бомбы. Несмотря на невысокую точность, позволяет российской авиации применять боеприпасы вне зоны поражения украинской ПВО.",,
ФАБ,ФАБ,"ФАБ — фугасная авиабомба, один из самых распространенных типов советских неуправляемых авиабоеприпасов калибрами от 100 до 5000 кг. Встречается также осколочно-фугасная разновидность (ОФАБ). В российской авиации точность и дальность ФАБ повышают за счет универсальных модулей планирования и коррекции (УМПК).",,
Флаговтык,«Флаговтык»,"«Флаговтык» — установка флага той или иной стороны в населенном пункте или на стратегически важной позиции, призванное обозначить присутствие или создать видимость такового. Слово заимствовано из жаргона энтузиастов освоения космоса и первоначально означало ограниченную межпланетную пилотируемую миссию, не имеющую серьезных научных целей.",,
Флеш,"Бескрестнов, Сергей «Флеш»","Сергей «Флеш» Бескрестнов — украинский военный специалист в области связи, радиоэлектронной борьбы и беспилотных систем, автор популярного Telegram-канала, где рассказывается об украинских и российских новинках в этих сферах. С января 2026 года — советник министра обороны Украины Михаила Фёдорова",,
ХАМАС,ХАМАС,"ХАМАС — «Исламское движение сопротивления» (арабск.), исламистская военно-политическая организация, правящая в секторе Газа с 2007 года. В другой части «палестинских территорий» — на Западном берегу реки Иордан — власть формально принадлежит движению ФАТХ. Боевое крыло ХАМАС называется Бригады «Изз ад-Дин аль-Кассам». Исторически связано с египетским суннитским движением «Братья-мусульмане», ставит целью создание исламского государства Палестина и ликвидацию государства Израиль.",,Обновить
Хезболла,«Хезболла»,"«Хезболла» — «Партия Бога» (арабск.), движение возникло в 1980-х годах как организация, представляющая интересы ливанского шиитского меньшинства, но постепенно при поддержке Ирана превратилось в мощную политическую и военную силу в Ливане. До начала конфликта с Израилем в 2023 году считалась самым могущественным в военном отношении негосударственным субъектом в мире, располагая оценочно до 100 тысяч бойцов и около 150 тысяч ракет, в том числе дальнобойных.",,Обновить
Ходаковский,"Ходаковский, Александр",Александр Ходаковский — один из полевых командиров сепаратистов на Донбассе в 2014 году. Ныне первый заместитель начальника Главного управления Росгвардии по «ДНР».,,
Царь-мангал,«Царь-мангал»,"«Царь-мангал» — кустарно изготовленная дополнительная защита для бронетехники, практически полностью закрывающая корпус. В сочетании с различными средствами РЭБ обеспечивает приемлемую защиту от дронов-камикадзе и сбросов боеприпасов ценой потери обзорности, возможности вращать башню и усложнения ремонта и техобслуживания.",,
ЦАХАЛ,ЦАХАЛ,"ЦАХАЛ — «Армия обороны Израиля» (иврит), вооруженные силы Израиля. Состоит из сухопутных войск, военно-воздушных и военно-морских сил. Руководство ЦАХАЛ осуществляет начальник Генерального штаба.",,
Центр национального сопротивления,Центр национального сопротивления,"Центр национального сопротивления — структурное подразделение Сил специальных операций ВСУ. Выполняет задачи по сбору информации, обучению и координации действий в рамках противодействия российским войскам на оккупированных территориях. ",,Обновить
Чеснок,«Чеснок»,"«Чеснок» — вид инженерных заграждений из металлических штырей, которые исторически применялись против конницы, а в наши дни используются для остановки колесной техники.",,
Чешская инициатива,«Чешская инициатива» ,"«Чешская инициатива» — мероприятия по закупке артиллерийских боеприпасов для ВСУ в странах, не входящих в ЕС и НАТО, организованные властями Чехии при финансовой поддержке других стран-партнеров Украины.",,
Шахед,«Шахед»,"«Шахед» — название семейства иранских дронов-камикадзе, в частности, Shahed-131 и Shahed-136. Локализованные российские версии носят название «Герань-1», «Герань-2» и «Герань-3» (реактивная модификация) и выпускаются на площадке ОЭЗ «Алабуга» в Татарстане. Дальность полета дрона типа «Герань» составляет до 2,5 тыс. км, масса боевой части — до 90 кг (согласно некоторым источникам, увеличенная БЧ достигает 300 кг).",,
Шахид-мобиль,«Шахид-мобиль» ,"«Шахид-мобиль» — жаргонное название транспортного средства, начиненного взрывчаткой, управляемого дистанционно или водителем-смертником.",,
Шторм,«Шторм» ,"«Шторм» — штурмовые отряды численностью до батальона, созданные в большинстве российских линейных соединений. Не следует путать с отрядами заключенных «Шторм Z» / «Шторм V», хотя те также могут входить в состав линейных «штормов».",,
Шторм Z / Шторм V,«Шторм Z» / «Шторм V»,"«Шторм Z» / «Шторм V» — отряды в составе ВС РФ, предназначенные для штурма укрепленных позиций противника. Изначально набирались из заключенных, позже в них в качестве наказания стали отправлять и обычных военнослужащих, так или иначе провинившихся (например, совершивших преступления или отказавшихся идти в атаки). «Шторм Z» комплектовались «добровольцами» на основе шестимесячных контрактов с обязательным помилованием, но набор туда, судя по всему, прекратился в августе 2023 года. В «Шторм V» предусмотрен формальный статус военнослужащего, контракт действует год и автоматически продлевается — по сути, это означает службу до конца «СВО».",,
Эскорт,Эскорт,"Эскорт — в военно-морской терминологии группа кораблей, предназначенная для сопровождения и боевого охранения при переходах в открытом море.",,
Ядерная триада,«Ядерная триада»,"«Ядерная триада» — составляющие стратегических ядерных сил (СЯС): сухопутный (ракетные войска), морской (подводные лодки атомные с ракетами баллистическими, ПЛАРБ) и воздушный (стратегические бомбардировщики).",,Расширить до более содержательного описания
Яма / подвал,Яма / подвал,"Яма / подвал — на российском военном жаргоне означает место незаконного удержания собственных военнослужащих или гражданских лиц, нахождение там часто сопровождается издевательствами и/или пытками.",,
AGM-154 JSOW,AGM-154 JSOW,"AGM-154 JSOW — малозаметная планирующая авиабомба (Joint Standoff Weapon, JSOW; англ.) с инерциально-спутниковой системой наведения. Существуют модификации AGM-154A с кассетной боевой частью и AGM-154C со сдвоенной боевой частью BROACH для поражения заглубленных целей. Максимальная дальность применения — 130 км. Носителями могут быть переданные Украине истребители F-16.",,Обновить
AIS,AIS,"AIS — автоматическая система идентификации (Automatic Identification System, англ.) морских судов, их положения и курса.",,Расширить до более содержательного описания
AMX-10 RC,AMX-10 RC,"AMX-10 RC — французская колесно-пушечная (Roues-Canon, фр.) разведывательно-огневая машина (véhicule militaire blindé de reconnaissance-feu, фр.). Часто фигурирует в СМИ под не совсем корректным названием «колесный танк».",,Обновить
ATACMS,ATACMS,"ATACMS — семейство оперативно-тактических ракет MGM-140 Army TACtical Missile System. Ракеты относятся к тому же классу средств поражения, что российские «Искандеры» или «Точка-У». Дальность отдельных модификаций составляет 300 км, вес боевой части от 227 кг до 560 кг. В качестве пусковых платформ служат переданные ВСУ системы HIMARS и M270 MLRS.",,
AWACS,AWACS,"AWACS — буквально «авиационная система предупреждения и контроля» (Airborne Warning and Control System, англ.).",,Расширить до более содержательного описания
BRAT,BRAT,"BRAT — плиточная динамическая защита для боевых машин пехоты M2 Bradley (Bradley Reactive Armor Tiles, англ.). Динамическая защита предназначена для снижения ущерба от попаданий противотанковых ракет и выстрелов из гранатометов.",,
CIT,CIT,"CIT — расследовательская группа Conflict Intelligence Team, созданная в 2014 году Русланом Левиевым. Организация изучает деятельность российских военных и наемников в Украине, Сирии и Африке, а с 2022 года регулярно освещает и анализирует события российско-украинской войны.",,
CSIS,CSIS,"CSIS — Центр стратегических и международных исследований (Center for Strategic and International Studies, англ.), крупная НКО со штаб-квартирой в Вашингтоне (США), ведущая несколько программ в области оборонных исследований.",,
CV9040 ,CV9040 ,CV9040 — модификация шведской боевой машины пехоты Stridsfordon 90.,,Расширить до более содержательного описания
DeepState,DeepState,"DeepState — украинский проект, поддерживающий регулярно обновляемую карту контроля территорий в зоне боевых действий в Украине и публикующий сводки о ситуации на фронте на основе открытых источников (OSINT) и информации от украинских военных.",,
Fighterbomber ,Fighterbomber ,"Fighterbomber — российский провоенный Telegram-канал, близкий к ВКС РФ. Регулярно публикует инсайдерскую информацию о российской авиации. Автором считается отставной российский летчик Илья Туманов.",,
FMF,FMF,"FMF — финансирование иностранной военной помощи (Foreign Military Financing, англ.). Программа правительства США по поставке продукции военного назначения и соответствующих услуг союзникам и партнерам, как правило, на льготных условиях и кредитной либо грантовой основе. Администрируется Государственным департаментом США.",,
FMS,FMS,"FMS — иностранные военные продажи (Foreign Military Sales, англ.). Программа правительства США по продаже продукции военного назначения и соответствующих услуг на коммерческой основе. Администрируется Государственным департаментом США.",,
FPV-дроны,FPV-дроны,"FPV-дроны — беспилотники, которые управляются оператором от первого лица (First Person View, англ.). Преимущество таких систем состоит в том, что оператор четко видит, куда летит беспилотник (чаще всего камикадзе), что позволяет, например, залетать в укрытия и поражать отдельные незащищенные элементы боевой техники.",,
GLSDB ,GLSDB ,"GLSDB — высокоточная авиационная бомба, адаптированная для наземного пуска (Ground-Launched Small Diameter Bomb, англ.) с использованием РСЗО HIMARS и M270 MLRS. Система сочетает в себе управляемую бомбу малого диаметра GBU-39 и ракетный двигатель, что позволяет поражать цели на дальностях до 150 км. Боевая часть весом 93 кг обладает высокой проникающей способностью и способна уничтожать как укрепленные объекты, так и технику.",,
GMLRS,GMLRS,"GMLRS — семейство управляемых реактивных снарядов для РСЗО (Guided Multiple Launch Rocket System, англ.), используемых для высокоточного поражения целей на средних дистанциях. Дальность отдельных модификаций варьируется от 70 до 150 км, а вес боевой части составляет около 90 кг. В качестве пусковых платформ используются системы HIMARS и M270 MLRS.",,
Helicopterpilot ,Helicopterpilot ,"Helicopterpilot — российский провоенный Telegram-канал, близкий к армейской авиации РФ.",,
HIMARS,HIMARS,"HIMARS — американская мобильная ракетная артиллерийская система (High Mobility Artillery Rocket System, англ.) на колесном шасси, предназначенная для высокоточного поражения наземных целей на больших расстояниях. В контексте войны в Украине аббревиатура HIMARS может использоваться не только для обозначения конкретной системы вооружения, но и для указания на применяемые типы ракет. Например, выражение «поразили из HIMARS» может означать, что цель была поражена ракетами GMLRS или ATACMS, без точного указания системы, выпустившей ракету, поскольку на вооружении ВСУ, помимо колесной HIMARS, также находится гусеничная M270 MLRS, способная применять те же типы ракет.",,
ISW,ISW,"ISW — Институт изучения войны (The Institute for the Study of War, англ.). Американская НКО со штаб-квартирой в Вашингтоне. Ежедневно выпускает карты оперативной обстановки и сводки о войне в Украине.",,Расширить до более содержательного описания
Levée en masse,Levée en masse,"Levée en masse — «массовый призыв» на французском языке, первая в истории мобилизация в ходе Французской революции, отвечающая принципу «вооруженной нации»: «каждый француз — это солдат, и обязан защищать отечество».",,
MDTF,MDTF,"MDTF — многодоменные оперативные группы (Multi-Domain Task Force, англ.). В американской военной доктрине соединения, способные действовать сразу во многих средах (доменах): на земле, в море, в воздухе, в космосе и в киберпространстве. В состав каждой MDTF должен входить батальон (дивизион) поражения на большой дальности (Long-Range Fires Battalion, англ.), включающий батарею ракетных комплексов HIMARS, батарею (или, возможно, две) ракетных комплексов Typhon (SMRF) и батарею ракетных комплексов Dark Eagle (LRHW). ",,Обновить
MRAP,MRAP,"MRAP — колесные боевые машины с усиленной противоминной и противозасадной защитой (Mine Resistant Ambush Protected, англ.).",,Расширить до более содержательного описания
Oryx,Oryx,"Oryx — посвященный военной тематике проект, основанный на разведке по открытым источникам. Создан двумя нидерландскими аналитиками, ранее сотрудничавшими с расследовательским проектом Bellingcat. Считается самым надежным агрегатором данных о визуально подтвержденных потерях вооружений, военной и специальной техники в ходе войны в Украине.",,
OSINT,OSINT,"OSINT — разведка по открытым источникам информации (Open Source Intelligence, англ.).",,
PDA,PDA,"PDA — президентские полномочия по выделению военной помощи (Presidential Drawdown Authority for Military Assistance, англ.). Военная помощь в рамках PDA выделяется распоряжением президента США непосредственно из наличия и, соответственно, оперативно передается стране-получателю.",,
PURL,PURL,"PURL — инициатива, в рамках которой представители Украины формируют список приоритетных потребностей из американских вооружений (Prioritized Ukraine Requirements List, англ.), после чего страны НАТО между собой определяют, какая из них профинансирует закупку в США соответствующих вооружений из списка.",,Расширить до более содержательного описания
Raytheon,Raytheon,"Raytheon — американская военно-промышленная компания, один из крупнейших поставщиков вооружения и военной техники для вооруженных сил США, а также экспортер вооружений.",,Расширить до более содержательного описания
RUSI,RUSI,"RUSI — британский Королевский объединенный институт оборонных исследований (The Royal United Services Institute, англ.).",,Расширить до более содержательного описания
Starlink ,Starlink ,"Starlink — система спутниковой связи, созданная компанией SpaceX Илона Маска и активно применяемая ВСУ и украинскими гражданскими службами, а также нелегально российскими военными, в прифронтовых районах.",,Расширить до более содержательного описания
Storm Shadow / SCALP-EG,Storm Shadow / SCALP-EG,"Storm Shadow / SCALP-EG — крылатые ракеты воздушного базирования французско-британской разработки Storm Shadow / SCALP-EG (Système de Croisière Autonome à Longue Portée–Emploi Général, фр.; «многоцелевая высокоточная крылатая ракета большой дальности с автономным наведением»). Масса боевой части — 450 кг, дальность переданных Украине модификаций, по всей видимости, не превышает 300 км.",,
Tatarigami_UA,Tatarigami_UA,"Tatarigami_UA — офицер ВСУ в запасе и основатель OSINT-группы Frontelligence Insight, регулярно публикующий обзоры ситуации на фронте.",,
TAURUS,TAURUS,"TAURUS — крылатые ракеты воздушного базирования шведско-немецкой разработки TAURUS (Target Adaptive Unitary and Dispenser Robotic Ubiquity System, англ.; «автоматическая система общего назначения с унитарным и кассетным оснащением, адаптируемым к цели») KEPD (Kinetic Energy Penetrating Destroyer, англ.; «кинетическое проникающее средство поражения»). Модификация ракеты TAURUS KEPD 350 несет боевую часть массой до 480 кг на дальность более 500 км.",,
THAAD,THAAD,"THAAD — американский противоракетный комплекс высотного заатмосферного перехвата (Terminal High Altitude Area Defense, англ.). Предназначен для поражения оперативно-тактических ракет и баллистических ракет средней дальности на высотах до 150 км и дальностях до 200 км.",,
USAI,USAI,"USAI — инициатива по содействию Украине в области безопасности (Ukraine Security Assistance Initiative, англ.). В рамках инициативы производится заказ на производство (либо ремонт и модернизацию) или закупка у сторонних поставщиков.",,
WarGonzo,WarGonzo,"WarGonzo — медийный проект «военкора» Семёна Пегова. Освещает локальные военные конфликты, в том числе войну в Украине, с пророссийских позиций. По собственным заявлениям, существует на средства подписчиков.",,